Gender,Age,StudyTime,Attendance,PreviousGrade,Internet,ParentEducation,ExtraClasses,SleepHours,AssignmentsCompleted,FinalScore,Performance
Male,17,5,75,54,Yes,HighSchool,Yes,8,67,64,Average
Male,17,4,74,72,Yes,Diploma,No,5,68,79,Good
Female,17,3,87,61,No,Diploma,Yes,6,46,60,Average
Female,17,6,82,78,No,HighSchool,No,8,47,84,Good
Male,21,5,100,79,No,Diploma,Yes,4,82,79,Good
Female,17,4,66,64,No,Postgraduate,No,5,63,67,Average
Male,22,5,64,78,Yes,Diploma,Yes,7,64,74,Good
Male,22,6,63,54,Yes,Graduate,No,6,44,61,Average
Female,18,8,85,96,No,Diploma,No,5,55,96,Excellent
Female,22,7,97,65,No,Diploma,Yes,8,71,79,Good
Male,17,3,100,50,No,HighSchool,No,7,78,78,Good
Female,21,1,67,83,No,Graduate,Yes,6,67,64,Average
Female,17,5,92,88,Yes,HighSchool,No,9,72,100,Excellent
Male,18,6,70,74,Yes,Graduate,No,4,47,71,Good
Female,18,1,75,96,Yes,HighSchool,No,4,88,82,Good
Male,18,8,95,50,No,Postgraduate,Yes,8,88,82,Good
Female,20,6,88,97,No,HighSchool,Yes,5,44,84,Good
Male,21,4,97,54,Yes,HighSchool,Yes,5,44,58,Average
Female,17,4,77,82,No,Diploma,Yes,9,99,96,Excellent
Female,18,8,86,52,Yes,HighSchool,No,6,67,80,Good
Female,22,1,66,43,No,Graduate,Yes,5,52,47,Poor
Female,18,7,71,57,No,Diploma,Yes,7,91,86,Excellent
Male,17,1,65,99,Yes,Diploma,No,7,70,73,Good
Female,17,3,84,40,No,Graduate,No,6,67,70,Good
Female,18,4,78,53,Yes,HighSchool,No,4,43,68,Average
Female,21,3,63,72,Yes,Diploma,Yes,8,44,66,Average
Female,17,4,97,78,Yes,HighSchool,No,9,77,97,Excellent
Female,19,4,80,55,No,Postgraduate,Yes,9,81,76,Good
Female,19,2,60,69,Yes,HighSchool,Yes,8,56,61,Average
Female,17,4,83,58,Yes,Postgraduate,No,8,91,88,Excellent
Male,22,5,66,100,Yes,Graduate,Yes,4,87,89,Excellent
Male,19,5,98,53,No,Diploma,No,8,71,77,Good
Male,17,7,77,42,Yes,Graduate,Yes,9,56,69,Average
Female,21,7,95,40,Yes,HighSchool,Yes,8,42,75,Good
Male,20,3,62,59,No,HighSchool,No,5,83,61,Average
Male,19,7,99,87,Yes,Diploma,Yes,5,96,96,Excellent
Male,18,6,86,91,Yes,Graduate,Yes,9,46,92,Excellent
Male,20,4,72,92,No,Graduate,No,5,54,66,Average
Male,20,6,77,95,Yes,Graduate,No,9,72,95,Excellent
Female,17,2,76,51,No,HighSchool,Yes,8,67,67,Average
Female,20,2,84,97,Yes,Graduate,Yes,9,67,77,Good
Male,19,7,64,100,No,Graduate,Yes,9,97,96,Excellent
Female,22,7,80,65,No,Diploma,Yes,7,82,85,Excellent
Male,21,5,85,75,Yes,Graduate,No,5,67,85,Excellent
Female,20,8,88,83,Yes,Postgraduate,Yes,9,45,90,Excellent
Female,17,4,79,54,Yes,Diploma,Yes,4,55,67,Average
Male,20,7,100,76,Yes,Postgraduate,No,7,55,81,Good
Male,17,7,74,51,No,HighSchool,Yes,4,69,62,Average
Female,22,6,88,79,No,Postgraduate,Yes,9,95,98,Excellent
Female,19,4,100,57,No,Diploma,No,7,44,72,Good
Male,19,6,80,97,Yes,Diploma,Yes,5,64,79,Good
Male,17,7,86,61,No,Postgraduate,Yes,5,93,83,Good
Female,21,1,96,64,No,HighSchool,No,6,88,75,Good
Female,21,4,91,54,No,Postgraduate,No,4,64,67,Average
Female,22,3,89,98,Yes,HighSchool,No,8,76,79,Good
Male,22,7,68,95,No,Diploma,Yes,6,64,85,Excellent
Male,20,6,81,88,No,Graduate,No,6,93,81,Good
Female,17,1,82,54,Yes,HighSchool,Yes,5,52,49,Poor
Male,18,3,90,82,Yes,Diploma,No,9,56,84,Good
Male,21,2,70,59,Yes,HighSchool,No,8,83,72,Good
Female,22,4,64,77,Yes,HighSchool,No,9,78,73,Good
Male,19,7,83,44,No,HighSchool,No,7,46,74,Good
Female,22,8,69,67,Yes,Graduate,No,7,67,88,Excellent
Female,19,4,65,57,No,Diploma,No,8,79,74,Good
Female,17,8,80,51,No,Diploma,No,6,61,73,Good
Female,21,1,93,100,Yes,HighSchool,Yes,9,66,93,Excellent
Male,22,8,91,68,Yes,HighSchool,No,5,65,79,Good
Female,22,6,90,75,No,Postgraduate,No,6,84,89,Excellent
Female,19,5,74,47,Yes,Graduate,Yes,9,74,69,Average
Male,18,8,77,86,No,HighSchool,Yes,6,54,86,Excellent
Male,19,1,94,48,No,HighSchool,Yes,8,58,61,Average
Female,17,1,96,58,No,Postgraduate,No,6,51,56,Average
Female,20,2,64,65,No,HighSchool,Yes,5,49,68,Average
Female,17,4,67,75,No,Diploma,No,7,98,83,Good
Female,21,7,79,76,Yes,HighSchool,Yes,9,53,84,Good
Male,18,4,71,75,Yes,Diploma,Yes,7,68,85,Excellent
Female,19,1,74,58,No,Postgraduate,Yes,9,54,64,Average
Male,20,2,94,54,Yes,Graduate,Yes,4,43,55,Average
Female,21,5,88,47,No,Graduate,No,6,72,78,Good
Female,20,2,98,42,No,Graduate,No,4,45,54,Average
Male,22,5,96,42,Yes,Postgraduate,No,6,51,76,Good
Female,22,8,65,70,No,Postgraduate,No,6,82,74,Good
Male,19,7,91,58,No,HighSchool,No,4,60,72,Good
Female,17,7,92,92,Yes,Postgraduate,No,4,52,90,Excellent
Female,21,8,100,68,Yes,Diploma,No,8,48,87,Excellent
Female,22,8,67,41,Yes,Diploma,No,8,40,76,Good
Female,17,4,67,69,Yes,Diploma,No,9,58,81,Good
Female,20,8,90,55,No,Diploma,No,5,98,91,Excellent
Male,17,5,86,61,No,HighSchool,No,9,59,87,Excellent
Female,18,8,94,70,No,Graduate,No,7,99,92,Excellent
Male,22,4,96,64,Yes,Postgraduate,Yes,6,87,84,Good
Female,20,3,91,42,Yes,Graduate,Yes,7,46,70,Good
Female,17,3,86,95,Yes,HighSchool,No,6,61,90,Excellent
Female,22,2,81,94,No,Graduate,No,8,42,88,Excellent
Male,18,5,74,87,Yes,Postgraduate,Yes,9,85,82,Good
Female,18,5,61,42,No,HighSchool,No,6,63,64,Average
Male,18,7,96,83,Yes,Diploma,Yes,4,79,88,Excellent
Male,20,3,74,69,No,Postgraduate,No,9,40,76,Good
Female,22,3,64,68,No,Graduate,No,9,56,76,Good
Female,18,7,90,46,Yes,Postgraduate,No,8,58,76,Good
Male,22,7,77,40,Yes,Postgraduate,No,5,78,69,Average
Male,22,4,99,56,Yes,HighSchool,Yes,6,90,81,Good
Male,21,6,68,45,No,Graduate,No,5,52,56,Average
Female,21,5,70,56,No,Graduate,No,4,69,57,Average
Male,18,7,95,63,Yes,Postgraduate,Yes,6,74,75,Good
Female,19,5,97,64,No,HighSchool,Yes,7,41,85,Excellent
Female,21,4,64,80,No,Graduate,No,4,48,58,Average
Male,19,8,67,46,Yes,Diploma,No,7,63,79,Good
Female,21,3,86,81,Yes,Postgraduate,No,6,42,75,Good
Male,20,8,75,94,No,HighSchool,No,8,97,100,Excellent
Female,17,7,77,52,Yes,Postgraduate,Yes,9,53,87,Excellent
Male,17,6,75,48,Yes,HighSchool,Yes,8,53,68,Average
Female,18,1,77,94,Yes,Diploma,No,5,47,61,Average
Male,17,6,75,77,No,HighSchool,Yes,6,43,70,Good
Female,21,2,64,70,No,Graduate,Yes,7,72,66,Average
Male,22,5,89,81,Yes,HighSchool,No,7,67,77,Good
Female,22,8,64,97,Yes,Graduate,Yes,4,48,79,Good
Female,20,5,89,72,No,HighSchool,Yes,9,81,94,Excellent
Male,20,8,74,66,No,Postgraduate,No,7,86,77,Good
Female,20,6,76,63,Yes,Postgraduate,Yes,4,93,67,Average
Male,20,2,83,91,Yes,HighSchool,No,9,47,84,Good
Female,22,7,63,58,No,Graduate,Yes,8,72,72,Good
Male,22,8,74,94,Yes,Graduate,No,4,88,86,Excellent
Male,20,1,98,99,No,HighSchool,Yes,6,84,84,Good
Female,19,1,71,95,Yes,Postgraduate,Yes,5,87,86,Excellent
Male,17,4,84,66,No,Graduate,Yes,6,59,72,Good
Male,17,3,70,88,Yes,HighSchool,No,7,82,83,Good
Female,21,8,86,57,Yes,HighSchool,No,7,47,77,Good
Female,21,5,62,54,No,HighSchool,Yes,5,59,59,Average
Male,19,5,80,47,Yes,Postgraduate,No,5,48,65,Average
Male,21,6,64,65,Yes,Postgraduate,Yes,7,98,71,Good
Female,21,7,96,65,No,Graduate,Yes,7,41,80,Good
Male,21,8,83,45,No,HighSchool,Yes,7,77,80,Good
Male,20,5,81,54,No,Diploma,Yes,8,80,70,Good
Male,19,6,69,55,Yes,Diploma,No,5,51,75,Good
Male,22,2,71,100,No,Postgraduate,No,9,99,97,Excellent
Female,22,6,69,68,Yes,Postgraduate,No,9,59,77,Good
Male,19,2,79,69,No,HighSchool,Yes,6,93,72,Good
Male,22,2,99,78,No,Postgraduate,Yes,7,98,92,Excellent
Male,19,8,92,49,Yes,Postgraduate,Yes,6,85,72,Good
Male,17,4,88,68,Yes,Graduate,No,6,64,78,Good
Female,22,1,100,81,No,HighSchool,No,4,75,76,Good
Female,19,3,81,45,Yes,Graduate,No,9,84,74,Good
Male,21,2,79,75,No,Graduate,Yes,9,84,86,Excellent
Male,22,7,92,63,Yes,Graduate,No,5,100,80,Good
Female,20,4,74,48,Yes,HighSchool,No,4,72,69,Average
Male,22,6,99,48,No,Diploma,Yes,5,93,86,Excellent
Male,22,8,62,66,No,Diploma,No,8,58,83,Good
Male,21,4,79,91,No,Diploma,No,9,100,100,Excellent
Female,20,5,84,72,No,Diploma,Yes,8,48,77,Good
Male,22,8,83,75,Yes,HighSchool,No,4,88,79,Good
Female,20,3,87,45,Yes,Postgraduate,No,4,66,52,Average
Female,21,6,75,64,Yes,Graduate,Yes,4,60,63,Average
Female,18,3,62,58,No,Diploma,No,7,79,57,Average
Male,17,5,73,93,Yes,Postgraduate,Yes,6,55,80,Good
Male,17,4,86,80,No,HighSchool,Yes,7,78,90,Excellent
Male,22,4,69,58,No,HighSchool,No,5,76,69,Average
Male,22,2,93,63,Yes,HighSchool,No,7,42,79,Good
Female,19,5,61,62,Yes,Graduate,Yes,9,82,87,Excellent
Male,21,6,68,42,No,Graduate,Yes,9,69,77,Good
Male,18,2,89,42,No,Diploma,Yes,5,96,56,Average
Female,19,7,94,70,No,HighSchool,Yes,6,62,74,Good
Female,19,2,83,67,No,Postgraduate,No,6,51,72,Good
Female,19,5,65,86,No,HighSchool,No,8,92,81,Good
Female,19,2,65,60,No,Graduate,No,8,85,73,Good
Male,22,8,82,68,Yes,Graduate,No,6,80,75,Good
Male,22,7,83,72,Yes,HighSchool,Yes,8,83,92,Excellent
Male,18,2,75,89,No,Graduate,No,8,42,85,Excellent
Male,22,8,83,63,No,HighSchool,Yes,8,63,86,Excellent
Female,22,5,75,47,Yes,Diploma,No,8,64,77,Good
Male,19,5,88,53,No,Postgraduate,Yes,4,48,57,Average
Female,18,8,65,91,No,Graduate,Yes,8,74,90,Excellent
Female,18,3,83,72,Yes,HighSchool,Yes,5,55,75,Good
Male,19,6,89,91,Yes,HighSchool,Yes,6,65,92,Excellent
Female,20,2,68,60,Yes,Postgraduate,No,9,73,71,Good
Male,21,3,68,67,Yes,HighSchool,Yes,6,50,60,Average
Female,22,4,82,100,No,HighSchool,No,5,80,92,Excellent
Female,18,5,99,74,Yes,Diploma,Yes,5,82,91,Excellent
Female,21,1,61,45,Yes,Graduate,Yes,8,66,67,Average
Male,20,5,79,70,Yes,Postgraduate,No,7,44,65,Average
Male,20,7,90,69,Yes,Graduate,Yes,6,95,86,Excellent
Female,20,3,83,72,Yes,Graduate,Yes,7,47,71,Good
Female,18,3,66,43,No,Postgraduate,No,5,95,56,Average
Female,21,6,72,88,Yes,Postgraduate,No,7,96,88,Excellent
Female,17,2,85,72,No,Diploma,Yes,8,62,66,Average
Male,19,8,98,96,No,Graduate,Yes,4,67,86,Excellent
Female,22,6,85,63,Yes,Postgraduate,Yes,8,75,78,Good
Female,21,5,64,64,No,Graduate,Yes,5,46,67,Average
Female,19,6,69,52,No,HighSchool,Yes,4,48,62,Average
Female,21,8,69,78,Yes,Graduate,No,5,65,89,Excellent
Female,21,6,92,93,No,Graduate,No,4,63,85,Excellent
Male,20,5,100,41,No,Graduate,Yes,9,43,81,Good
Female,18,7,69,92,Yes,HighSchool,Yes,5,41,83,Good
Female,20,3,86,84,Yes,Postgraduate,No,9,86,78,Good
Male,21,4,95,60,No,Postgraduate,No,5,69,80,Good
Female,21,6,76,79,No,Diploma,Yes,6,75,80,Good
Male,19,5,73,84,No,Graduate,No,6,75,78,Good
Female,17,7,85,92,No,Diploma,No,4,58,76,Good
Female,20,5,90,53,Yes,Graduate,No,5,46,76,Good
Male,18,1,93,54,Yes,HighSchool,Yes,7,61,72,Good
Male,22,3,60,75,Yes,Postgraduate,No,7,81,69,Average
Female,19,5,63,98,Yes,Diploma,Yes,5,66,74,Good
Male,20,8,71,99,No,HighSchool,Yes,6,76,100,Excellent
Male,19,5,89,81,No,Diploma,No,6,52,73,Good
Female,18,8,76,85,Yes,HighSchool,No,6,76,84,Good
Male,21,7,87,72,No,HighSchool,No,9,46,80,Good
Male,20,6,75,40,No,Postgraduate,Yes,7,88,69,Average
Female,19,1,76,81,No,Diploma,Yes,9,47,78,Good
Female,18,7,92,99,No,HighSchool,No,6,79,92,Excellent
Male,18,8,69,69,No,Postgraduate,No,8,91,83,Good
Male,22,2,93,68,No,HighSchool,Yes,4,93,80,Good
Male,21,3,70,60,No,HighSchool,Yes,9,77,79,Good
Male,21,8,63,69,Yes,Postgraduate,No,8,43,85,Excellent
Female,22,5,61,65,No,HighSchool,Yes,8,44,61,Average
Female,19,2,94,43,Yes,Postgraduate,Yes,6,66,59,Average
Male,22,7,83,97,No,Postgraduate,No,7,45,96,Excellent
Male,22,6,67,51,No,Diploma,Yes,4,88,57,Average
Female,20,7,94,64,Yes,Diploma,No,6,49,77,Good
Male,22,2,62,91,No,HighSchool,Yes,5,44,60,Average
Male,20,1,75,87,Yes,Postgraduate,No,5,74,68,Average
Male,18,5,74,92,No,Graduate,Yes,6,96,81,Good
Male,20,5,77,43,Yes,Postgraduate,No,4,62,71,Good
Female,21,6,86,66,Yes,Graduate,No,5,88,86,Excellent
Female,18,4,79,94,Yes,Postgraduate,Yes,8,66,89,Excellent
Male,20,4,76,53,No,HighSchool,No,6,45,71,Good
Male,17,5,84,83,Yes,HighSchool,Yes,8,86,95,Excellent
Male,20,4,81,59,Yes,Diploma,Yes,9,47,78,Good
Male,22,4,85,98,Yes,Graduate,No,7,69,94,Excellent
Female,19,5,83,72,No,Postgraduate,Yes,9,70,84,Good
Male,19,6,86,42,Yes,Diploma,Yes,6,75,79,Good
Female,19,3,72,61,Yes,Postgraduate,Yes,7,75,80,Good
Female,19,8,91,69,Yes,Graduate,Yes,5,86,92,Excellent
Female,18,1,93,42,Yes,HighSchool,Yes,7,48,71,Good
Male,17,3,60,53,No,Graduate,Yes,8,80,76,Good
Female,22,8,61,40,No,HighSchool,Yes,8,86,72,Good
Female,17,7,71,46,Yes,Diploma,Yes,5,79,75,Good
Female,19,5,85,45,No,Postgraduate,No,8,55,68,Average
Female,22,2,62,45,No,Postgraduate,No,8,70,52,Average
Male,22,3,65,71,No,Graduate,Yes,8,98,68,Average
Male,18,8,77,42,Yes,Graduate,Yes,5,99,74,Good
Male,18,3,85,99,Yes,Graduate,Yes,8,55,94,Excellent
Female,22,6,84,88,Yes,HighSchool,No,4,46,81,Good
Male,17,6,98,89,No,Graduate,Yes,9,57,98,Excellent
Female,18,6,95,100,No,Postgraduate,Yes,9,77,100,Excellent
Male,21,5,75,85,Yes,HighSchool,No,5,64,88,Excellent
Male,22,7,80,63,Yes,HighSchool,Yes,6,68,79,Good
Female,17,3,65,51,No,Postgraduate,No,4,41,46,Poor
Female,21,2,98,78,No,Postgraduate,Yes,6,66,79,Good
Male,22,4,96,73,Yes,Postgraduate,Yes,5,57,75,Good
Female,20,3,64,50,No,Graduate,No,6,70,54,Average
Female,19,4,100,71,Yes,Postgraduate,Yes,5,59,66,Average
Female,19,7,81,68,No,Postgraduate,Yes,6,60,88,Excellent
Male,20,6,71,65,No,Graduate,No,8,90,79,Good
Female,20,5,85,63,Yes,Diploma,Yes,9,89,91,Excellent
Male,22,8,73,68,No,HighSchool,No,9,71,80,Good
Female,18,5,69,85,No,Postgraduate,Yes,7,78,87,Excellent
Female,21,7,94,42,No,HighSchool,Yes,5,82,75,Good
Male,22,1,96,81,No,Graduate,No,4,40,61,Average
Female,18,4,88,63,No,Postgraduate,Yes,6,41,75,Good
Male,19,7,65,47,Yes,Graduate,No,6,69,65,Average
Female,19,8,66,68,No,Graduate,Yes,6,42,67,Average
Male,19,2,70,99,Yes,Diploma,Yes,6,75,82,Good
Female,18,7,100,51,Yes,Postgraduate,No,4,87,86,Excellent
Male,20,7,84,40,Yes,Diploma,No,9,91,72,Good
Male,21,3,83,60,Yes,Postgraduate,Yes,6,82,77,Good
Female,21,7,99,65,Yes,Graduate,No,7,79,82,Good
Female,21,2,68,60,Yes,Diploma,No,4,51,58,Average
Male,21,7,86,78,Yes,Postgraduate,No,5,71,93,Excellent
Male,21,3,91,58,Yes,Diploma,No,7,79,65,Average
Female,17,8,68,52,No,Postgraduate,No,9,71,82,Good
Female,20,3,65,76,Yes,Diploma,No,4,57,62,Average
Female,18,8,96,87,No,HighSchool,Yes,6,89,100,Excellent
Female,21,1,88,74,Yes,Postgraduate,Yes,9,93,91,Excellent
Male,19,1,88,56,No,HighSchool,No,4,89,61,Average
Male,22,6,99,80,No,Diploma,Yes,5,92,84,Good
Male,21,6,94,57,Yes,Graduate,No,6,76,76,Good
Male,18,7,63,57,Yes,Diploma,Yes,5,85,72,Good
Male,22,7,91,49,No,Postgraduate,No,7,44,84,Good
Male,20,5,83,69,No,Graduate,Yes,9,45,83,Good
Female,17,7,73,67,Yes,Postgraduate,No,6,93,80,Good
Female,21,3,96,94,No,Graduate,Yes,4,46,87,Excellent
Female,17,2,70,68,No,HighSchool,No,5,84,61,Average
Female,18,5,65,81,No,Graduate,Yes,6,82,88,Excellent
Male,17,7,100,59,Yes,Postgraduate,Yes,9,46,74,Good
Male,20,2,68,77,Yes,Postgraduate,Yes,4,84,68,Average
Male,20,3,90,44,Yes,Postgraduate,Yes,9,91,68,Average
Male,19,6,79,48,No,Diploma,Yes,4,73,75,Good
Male,21,3,88,62,Yes,Diploma,No,8,83,82,Good
Male,17,2,68,88,Yes,Postgraduate,No,7,60,68,Average
Male,19,2,75,75,No,HighSchool,No,5,73,78,Good
Male,22,7,78,81,Yes,Diploma,No,7,47,79,Good
Female,22,2,93,96,Yes,Graduate,No,5,64,88,Excellent
Female,19,3,90,89,Yes,HighSchool,Yes,4,56,72,Good
Male,17,7,92,58,No,Postgraduate,No,4,80,84,Good
Male,19,2,79,45,Yes,Diploma,No,7,77,75,Good
Male,19,7,75,43,Yes,HighSchool,No,4,69,75,Good
Male,19,3,67,40,Yes,HighSchool,Yes,7,100,66,Average
Female,18,6,68,87,No,HighSchool,Yes,6,91,88,Excellent
Female,21,2,76,85,Yes,Postgraduate,No,8,63,69,Average
Female,21,3,83,50,No,HighSchool,Yes,5,87,73,Good
Male,17,1,75,42,No,Graduate,No,5,51,44,Poor
Female,18,6,75,66,No,Graduate,Yes,8,63,72,Good
Male,18,4,93,42,No,HighSchool,No,6,89,70,Good
Female,17,8,60,63,Yes,Graduate,No,9,79,79,Good
Female,19,8,72,86,Yes,Diploma,Yes,7,41,81,Good
Female,22,1,81,40,No,Graduate,Yes,5,73,54,Average
Female,20,1,69,85,No,HighSchool,Yes,5,97,79,Good
Female,22,6,89,87,Yes,HighSchool,Yes,9,92,98,Excellent
Male,21,1,87,82,Yes,Diploma,No,6,94,78,Good
Female,22,6,80,68,No,Diploma,Yes,5,48,81,Good
Male,18,2,70,68,No,Graduate,No,4,74,65,Average
Male,20,5,89,56,Yes,HighSchool,Yes,9,59,87,Excellent
Male,18,6,69,45,Yes,Graduate,No,8,43,66,Average
Female,18,1,85,94,No,Diploma,Yes,7,46,71,Good
Male,17,1,74,48,Yes,Postgraduate,No,9,80,77,Good
Male,21,5,64,41,Yes,Diploma,No,5,45,57,Average
Male,17,8,63,50,No,Postgraduate,No,4,64,69,Average
Male,19,4,71,57,No,Postgraduate,Yes,4,79,74,Good
Male,22,5,91,66,No,HighSchool,Yes,6,64,71,Good
Female,18,4,100,91,Yes,Postgraduate,No,7,74,94,Excellent
Female,21,6,84,57,Yes,HighSchool,No,8,54,67,Average
Female,17,8,93,62,Yes,Diploma,Yes,5,82,80,Good
Female,21,1,74,76,No,Graduate,Yes,5,55,73,Good
Female,22,6,97,41,No,Diploma,Yes,7,74,74,Good
Male,20,1,65,43,Yes,Diploma,Yes,8,70,49,Poor
Female,21,4,68,61,Yes,Graduate,Yes,4,49,69,Average
Male,17,6,64,63,No,HighSchool,No,6,60,65,Average
Male,22,7,100,71,No,Diploma,No,5,82,94,Excellent
Male,20,5,78,48,Yes,HighSchool,No,8,42,63,Average
Female,21,4,100,76,Yes,Postgraduate,Yes,6,87,76,Good
Male,19,6,70,80,Yes,Graduate,No,4,56,69,Average
Male,22,2,82,56,Yes,HighSchool,Yes,7,68,71,Good
Male,20,8,84,62,No,HighSchool,No,8,81,83,Good
Male,20,2,62,58,Yes,Graduate,No,4,44,54,Average
Male,20,3,64,75,Yes,Graduate,No,9,41,75,Good
Male,21,7,70,43,Yes,Graduate,Yes,5,66,73,Good
Female,22,5,79,55,Yes,HighSchool,No,8,75,81,Good
Male,17,6,60,67,Yes,Graduate,No,5,46,57,Average
Male,18,5,65,70,Yes,Graduate,No,7,71,73,Good
Male,22,7,71,63,No,Graduate,Yes,7,42,72,Good
Female,20,5,74,93,No,HighSchool,Yes,9,82,84,Good
Male,22,6,94,66,Yes,HighSchool,No,8,66,91,Excellent
Female,21,4,90,59,Yes,Postgraduate,Yes,8,76,84,Good
Male,17,8,71,100,Yes,Diploma,Yes,5,42,88,Excellent
Male,22,7,72,92,Yes,Graduate,No,9,98,88,Excellent
Male,20,7,95,60,No,Postgraduate,Yes,9,79,96,Excellent
Female,17,7,69,49,Yes,HighSchool,Yes,6,95,81,Good
Female,20,5,84,81,No,Postgraduate,Yes,5,57,79,Good
Male,21,7,62,65,No,Diploma,Yes,9,70,78,Good
Female,17,6,79,59,No,Postgraduate,Yes,5,48,68,Average
Female,19,5,86,78,Yes,Diploma,No,5,98,86,Excellent
Female,21,6,63,72,Yes,HighSchool,No,9,72,83,Good
Male,21,1,71,52,Yes,HighSchool,Yes,4,69,47,Poor
Female,22,4,77,63,No,Postgraduate,Yes,9,41,70,Good
Female,20,8,71,95,No,Graduate,No,5,93,88,Excellent
Male,19,1,84,43,Yes,Diploma,Yes,9,54,60,Average
Female,22,7,92,41,Yes,Postgraduate,Yes,9,51,86,Excellent
Male,18,5,98,91,No,Graduate,No,7,94,95,Excellent
Female,19,4,89,59,No,HighSchool,Yes,8,82,80,Good
Female,19,2,90,44,No,Graduate,No,6,56,72,Good
Female,18,3,93,88,Yes,HighSchool,No,9,60,81,Good
Male,22,8,78,56,No,Postgraduate,No,9,42,87,Excellent
Male,19,4,94,80,No,Graduate,No,5,93,90,Excellent
Male,19,2,90,48,No,Diploma,No,9,45,65,Average
Female,18,5,86,90,No,Graduate,No,8,58,91,Excellent
Male,20,1,100,77,Yes,Postgraduate,Yes,8,47,79,Good
Female,20,1,69,48,Yes,Graduate,No,8,97,70,Good
Male,19,3,65,71,No,Diploma,No,9,43,61,Average
Female,19,4,70,76,Yes,Postgraduate,Yes,5,79,76,Good
Female,20,7,90,64,Yes,HighSchool,Yes,9,63,76,Good
Female,21,4,61,83,Yes,Diploma,Yes,9,96,85,Excellent
Female,18,2,84,72,No,Diploma,Yes,4,59,66,Average
Female,22,6,87,96,Yes,Graduate,No,6,88,88,Excellent
Male,20,1,74,54,Yes,Diploma,Yes,8,72,61,Average
Male,19,1,84,96,No,HighSchool,Yes,9,46,91,Excellent
Male,17,2,86,68,No,HighSchool,No,7,84,69,Average
Male,22,1,79,66,Yes,Graduate,Yes,7,93,65,Average
Male,19,2,66,71,Yes,Diploma,No,8,52,70,Good
Female,19,3,62,75,No,Diploma,No,6,55,58,Average
Male,22,2,67,93,No,Diploma,Yes,8,44,68,Average
Female,22,4,89,58,No,Postgraduate,Yes,4,92,67,Average
Male,19,6,80,67,Yes,HighSchool,Yes,4,94,71,Good
Male,19,6,88,79,No,HighSchool,No,6,51,74,Good
Female,20,8,77,93,No,Postgraduate,No,9,96,95,Excellent
Male,18,1,70,46,No,Postgraduate,No,5,79,59,Average
Female,21,1,68,70,No,HighSchool,No,7,42,55,Average
Female,22,6,60,85,Yes,Graduate,Yes,7,82,80,Good
Female,19,7,69,93,Yes,HighSchool,Yes,8,94,98,Excellent
Female,18,2,91,60,Yes,Graduate,No,4,72,63,Average
Female,20,4,65,69,No,Postgraduate,Yes,7,68,72,Good
Male,20,1,66,65,No,HighSchool,Yes,4,90,71,Good
Female,21,4,89,100,No,Graduate,Yes,5,94,93,Excellent
Female,21,8,83,85,No,HighSchool,Yes,9,54,82,Good
Female,19,5,95,73,No,HighSchool,Yes,5,71,73,Good
Female,17,5,99,52,Yes,HighSchool,No,5,69,69,Average
Female,17,7,62,99,Yes,Postgraduate,No,9,77,99,Excellent
Male,20,1,93,87,Yes,Postgraduate,No,8,89,80,Good
Male,22,3,66,64,No,Postgraduate,No,8,98,72,Good
Female,20,6,78,68,Yes,Diploma,No,8,84,89,Excellent
Female,22,6,95,80,Yes,Diploma,Yes,8,85,91,Excellent
Female,22,3,71,72,No,HighSchool,No,8,70,83,Good
Female,22,5,87,91,Yes,HighSchool,Yes,7,49,75,Good
Male,18,5,70,58,No,Diploma,Yes,9,90,78,Good
Male,21,1,82,92,No,HighSchool,Yes,9,81,91,Excellent
Female,18,5,63,99,No,Postgraduate,No,9,60,94,Excellent
Male,17,5,72,79,No,Diploma,No,8,74,91,Excellent
Male,22,4,78,68,Yes,HighSchool,Yes,5,87,80,Good
Male,20,1,87,57,No,Diploma,Yes,8,94,71,Good
Male,19,8,69,42,Yes,Graduate,Yes,9,79,76,Good
Female,21,6,64,90,No,Diploma,Yes,8,44,88,Excellent
Male,20,7,65,62,Yes,Diploma,No,6,63,72,Good
Male,21,8,95,92,Yes,HighSchool,No,7,55,100,Excellent
Male,17,6,84,98,Yes,Postgraduate,No,8,86,95,Excellent
Male,21,6,92,91,No,Postgraduate,Yes,6,97,100,Excellent
Male,19,2,66,50,Yes,HighSchool,Yes,9,80,64,Average
Female,17,4,94,93,No,HighSchool,Yes,4,69,82,Good
Male,17,2,63,51,No,HighSchool,Yes,6,66,61,Average
Female,22,7,87,60,Yes,Postgraduate,Yes,8,40,88,Excellent
Male,22,1,64,62,Yes,Graduate,No,8,45,61,Average
Female,20,7,61,70,Yes,Diploma,Yes,9,65,88,Excellent
Female,22,3,79,83,No,HighSchool,Yes,4,42,59,Average
Female,21,2,79,53,No,Diploma,No,9,94,80,Good
Male,18,3,74,79,No,Diploma,Yes,5,82,82,Good
Male,21,8,95,44,No,HighSchool,No,4,52,78,Good
Female,19,6,68,82,Yes,HighSchool,No,8,44,76,Good
Female,20,8,81,79,No,Diploma,No,6,67,80,Good
Male,19,4,74,85,No,Graduate,No,5,83,78,Good
Female,20,8,82,89,No,Postgraduate,Yes,5,81,98,Excellent
Male,19,3,94,52,No,HighSchool,Yes,4,94,75,Good
Male,21,7,97,53,Yes,Graduate,No,9,89,82,Good
Female,20,4,97,86,No,Diploma,No,8,72,81,Good
Female,19,1,75,94,Yes,Diploma,No,5,51,79,Good
Male,22,8,82,42,Yes,Postgraduate,Yes,4,56,68,Average
Male,17,4,93,98,No,Postgraduate,No,7,96,84,Good
Male,22,6,66,85,No,Graduate,Yes,7,81,86,Excellent
Female,21,2,93,56,No,Diploma,No,6,92,73,Good
Female,20,1,92,96,Yes,Postgraduate,Yes,5,44,81,Good
Female,18,3,71,50,No,HighSchool,Yes,7,91,68,Average
Male,20,8,90,53,Yes,Postgraduate,Yes,5,42,67,Average
Male,18,1,96,49,Yes,Diploma,No,5,73,66,Average
Male,22,5,65,53,No,Postgraduate,No,5,54,65,Average
Male,21,3,99,82,No,Diploma,No,7,78,93,Excellent
Male,18,7,84,48,Yes,HighSchool,Yes,8,95,88,Excellent
Female,18,2,71,70,Yes,HighSchool,Yes,7,82,66,Average
Male,22,7,93,66,No,HighSchool,No,5,100,90,Excellent
Female,19,2,87,48,No,Postgraduate,Yes,4,58,68,Average
Female,19,4,60,85,Yes,HighSchool,Yes,7,81,74,Good
Female,20,6,66,49,No,Graduate,No,8,67,79,Good
Female,21,5,85,88,Yes,Postgraduate,No,5,63,88,Excellent
Female,19,5,96,62,No,Diploma,Yes,9,54,85,Excellent
Male,17,4,92,65,No,HighSchool,Yes,7,80,69,Average
Male,18,8,98,67,Yes,HighSchool,No,5,63,75,Good
Male,22,7,85,79,No,HighSchool,Yes,9,71,95,Excellent
Male,18,5,72,42,Yes,Diploma,Yes,6,55,72,Good
Male,18,2,77,89,No,Graduate,No,7,77,75,Good
Male,22,2,65,75,No,Graduate,No,6,54,75,Good
Male,20,7,96,40,No,Diploma,No,8,46,81,Good
Male,21,5,81,100,Yes,Graduate,No,9,68,95,Excellent
Female,18,6,89,83,No,HighSchool,No,4,56,71,Good
Female,22,4,74,91,No,Postgraduate,No,8,74,75,Good
Female,18,5,65,65,No,HighSchool,Yes,7,60,73,Good
Male,21,5,71,100,Yes,Postgraduate,Yes,5,87,82,Good
Female,18,4,72,93,Yes,Graduate,Yes,4,47,65,Average
Female,21,1,94,42,No,Graduate,No,7,97,76,Good
Female,20,3,92,57,No,Diploma,Yes,4,73,70,Good
Female,21,1,92,62,No,Diploma,No,4,84,73,Good
Female,19,1,60,83,Yes,Postgraduate,Yes,6,63,76,Good
Female,18,5,75,57,No,Graduate,No,5,71,72,Good
Male,20,6,83,94,No,Graduate,No,5,76,81,Good
Male,17,5,75,75,No,Postgraduate,Yes,5,91,72,Good
Female,17,3,86,71,Yes,Graduate,No,6,56,79,Good
Male,20,2,70,43,Yes,Graduate,No,9,46,65,Average
Female,19,6,83,75,No,Graduate,Yes,7,47,81,Good
Male,21,3,78,62,No,Postgraduate,No,4,64,73,Good
Female,20,3,70,80,No,Postgraduate,No,4,45,61,Average
Female,18,6,80,81,No,Graduate,No,6,96,90,Excellent
Female,22,8,86,50,Yes,HighSchool,Yes,9,55,79,Good
Male,18,3,85,46,Yes,HighSchool,No,8,43,55,Average
Female,21,2,66,56,Yes,HighSchool,No,6,54,57,Average
Female,20,3,68,73,Yes,HighSchool,Yes,9,62,75,Good
Female,20,5,95,68,Yes,Diploma,No,9,87,98,Excellent
Female,21,5,82,70,Yes,HighSchool,No,6,63,79,Good
Female,18,5,60,40,Yes,Graduate,No,7,74,54,Average
Female,20,5,60,89,No,Graduate,Yes,4,75,76,Good
Male,20,7,85,55,Yes,Postgraduate,No,5,56,64,Average
Female,22,4,93,88,No,Graduate,No,7,52,75,Good
Male,18,5,67,80,No,Postgraduate,No,9,79,89,Excellent
Male,19,1,69,43,Yes,Diploma,Yes,6,57,48,Poor
Female,22,1,74,45,Yes,HighSchool,No,5,61,58,Average
Female,20,6,89,84,Yes,Graduate,Yes,5,43,78,Good
Female,17,8,71,52,No,Postgraduate,Yes,4,89,70,Good
Female,20,4,62,52,No,HighSchool,Yes,7,64,64,Average
Female,18,1,95,73,Yes,Graduate,No,9,59,74,Good
Female,17,4,67,55,No,Graduate,Yes,5,90,65,Average
Male,20,4,60,42,No,Diploma,No,4,55,48,Poor
Female,17,6,100,43,Yes,Graduate,Yes,9,74,74,Good
Male,20,4,80,75,No,Postgraduate,Yes,4,84,76,Good
Female,22,3,76,97,Yes,Postgraduate,No,8,58,90,Excellent
Female,18,3,94,62,No,Postgraduate,No,8,98,88,Excellent
Male,17,3,88,58,No,Graduate,No,4,89,79,Good
